Flow_ID,Dur,RunTime,Mean,Sum,Min,Max,sTos,dTos,sTtl,dTtl,sHops,dHops,TotPkts,SrcPkts,DstPkts,TotBytes,SrcBytes,DstBytes,Offset,sMeanPktSz,dMeanPktSz,Load,SrcLoad,DstLoad,Loss,SrcLoss,DstLoss,pLoss,SrcGap,DstGap,Rate,SrcRate,DstRate,SrcWin,DstWin,sVid,dVid,SrcTCPBase,DstTCPBase,TcpRtt,SynAck,AckDat,Label,Attack Type,Attack Tool, *        , *    V   , *    f   , e        , e    f   , e &      , e *      , e d      , e g      , e i      , e r      , e s      , eU       ,e        ,arp,icmp,ipv6-icmp,llc,lldp,sctp,tcp,udp,ACC,CON,ECO,FIN,INT,NRS,REQ,RSP,RST,TST,URP,Shutdown,Start,Status,39,4,52,54,af11,af12,af41,cs0,cs4,cs6,cs7,ef,nan,Window_ID,Window_Size
1,0.0,0.0,0.0,0.0,0.0,0.0,0.0,,58.0,,6.0,,1,1,0,98,98,0,128,98.0,0.0,0.0,0.0,0.0,0,0,0,0.0,,,0.0,0.0,0.0,,,,,,,0.0,0.0,0.0,Benign,Benign,Benign,0.0,0.0,0.0,1.0,0.0,0.0,0.0,0.0,0.0,0.0,0.0,0.0,0.0,0.0,0.0,1.0,0.0,0.0,0.0,0.0,0.0,0.0,0.0,0.0,1.0,0.0,0.0,0.0,0.0,0.0,0.0,0.0,0.0,0.0,1.0,0.0,0.0,0.0,0.0,0.0,0.0,0.0,0.0,1.0,0.0,0.0,0.0,0.0,0.0,1,5
2,0.0,0.0,0.0,0.0,0.0,0.0,0.0,,58.0,,6.0,,1,1,0,98,98,0,232,98.0,0.0,0.0,0.0,0.0,0,0,0,0.0,,,0.0,0.0,0.0,,,,,,,0.0,0.0,0.0,Benign,Benign,Benign,0.0,0.0,0.0,1.0,0.0,0.0,0.0,0.0,0.0,0.0,0.0,0.0,0.0,0.0,0.0,1.0,0.0,0.0,0.0,0.0,0.0,0.0,0.0,0.0,1.0,0.0,0.0,0.0,0.0,0.0,0.0,0.0,0.0,0.0,1.0,0.0,0.0,0.0,0.0,0.0,0.0,0.0,0.0,1.0,0.0,0.0,0.0,0.0,0.0,1,5
3,4.99802,4.99802,4.99802,4.99802,4.99802,4.99802,0.0,0.0,117.0,64.0,11.0,0.0,214,196,18,249093,244212,4881,336,1245.979614,271.166656,396280.125,388901.1875,7378.921875,0,0,0,0.0,,,42.616875,39.01545,3.401347,,,,,,,0.0,0.0,0.0,Benign,Benign,Benign,0.0,0.0,0.0,1.0,0.0,0.0,0.0,0.0,0.0,0.0,0.0,0.0,0.0,0.0,0.0,0.0,0.0,0.0,0.0,0.0,0.0,1.0,0.0,1.0,0.0,0.0,0.0,0.0,0.0,0.0,0.0,0.0,0.0,0.0,1.0,0.0,0.0,0.0,0.0,0.0,0.0,0.0,0.0,1.0,0.0,0.0,0.0,0.0,0.0,1,5
4,4.998037,4.998037,4.998037,4.998037,4.998037,4.998037,0.0,0.0,117.0,64.0,11.0,0.0,184,163,21,221712,216245,5467,440,1326.656494,260.333344,352339.9375,344005.4688,8334.472656,0,0,0,0.0,,,36.614376,32.412727,4.001571,,,,,,,0.0,0.0,0.0,Benign,Benign,Benign,0.0,0.0,0.0,1.0,0.0,0.0,0.0,0.0,0.0,0.0,0.0,0.0,0.0,0.0,0.0,0.0,0.0,0.0,0.0,0.0,0.0,1.0,0.0,1.0,0.0,0.0,0.0,0.0,0.0,0.0,0.0,0.0,0.0,0.0,1.0,0.0,0.0,0.0,0.0,0.0,0.0,0.0,0.0,1.0,0.0,0.0,0.0,0.0,0.0,1,5
5,4.999453,4.999453,4.999453,4.999453,4.999453,4.999453,0.0,0.0,117.0,64.0,11.0,0.0,223,204,19,280216,275723,4493,544,1351.583374,236.473679,445855.1563,439043.2188,6811.945312,0,0,0,0.0,,,44.404858,40.604443,3.600394,,,,,,,0.0,0.0,0.0,Benign,Benign,Benign,0.0,0.0,0.0,1.0,0.0,0.0,0.0,0.0,0.0,0.0,0.0,0.0,0.0,0.0,0.0,0.0,0.0,0.0,0.0,0.0,0.0,1.0,0.0,1.0,0.0,0.0,0.0,0.0,0.0,0.0,0.0,0.0,0.0,0.0,1.0,0.0,0.0,0.0,0.0,0.0,0.0,0.0,0.0,1.0,0.0,0.0,0.0,0.0,0.0,1,5
6,4.997818,4.997818,4.997818,4.997818,4.997818,4.997818,0.0,0.0,117.0,64.0,11.0,0.0,235,219,16,297653,292879,4774,648,1337.347046,298.375,473835.5938,466670.8438,7164.726562,0,0,0,0.0,,,46.820431,43.619034,3.00131,,,,,,,0.0,0.0,0.0,Benign,Benign,Benign,0.0,0.0,0.0,1.0,0.0,0.0,0.0,0.0,0.0,0.0,0.0,0.0,0.0,0.0,0.0,0.0,0.0,0.0,0.0,0.0,0.0,1.0,0.0,1.0,0.0,0.0,0.0,0.0,0.0,0.0,0.0,0.0,0.0,0.0,1.0,0.0,0.0,0.0,0.0,0.0,0.0,0.0,0.0,1.0,0.0,0.0,0.0,0.0,0.0,2,5
7,0.089686,0.089686,0.089686,0.089686,0.089686,0.089686,0.0,0.0,64.0,53.0,0.0,11.0,13,7,6,2601,779,1822,752,111.285713,303.666656,195080.6094,59585.66797,135494.9531,0,0,0,0.0,,,133.800156,66.900078,55.750061,,,,,,,0.0,0.0,0.0,Benign,Benign,Benign,0.0,0.0,0.0,1.0,0.0,0.0,0.0,0.0,0.0,0.0,0.0,0.0,0.0,0.0,0.0,0.0,0.0,0.0,0.0,0.0,0.0,1.0,0.0,1.0,0.0,0.0,0.0,0.0,0.0,0.0,0.0,0.0,0.0,0.0,1.0,0.0,0.0,0.0,0.0,0.0,0.0,0.0,0.0,1.0,0.0,0.0,0.0,0.0,0.0,2,5
8,0.059931,0.059931,0.059931,0.059931,0.059931,0.059931,0.0,0.0,64.0,117.0,0.0,11.0,6,3,3,748,548,200,848,182.666672,66.666664,66743.42188,48856.1875,17887.23828,0,0,0,0.0,,,83.429276,33.371712,33.371712,,,,,,,0.0,0.0,0.0,Benign,Benign,Benign,0.0,0.0,0.0,1.0,0.0,0.0,0.0,0.0,0.0,0.0,0.0,0.0,0.0,0.0,0.0,0.0,0.0,0.0,0.0,0.0,0.0,1.0,0.0,1.0,0.0,0.0,0.0,0.0,0.0,0.0,0.0,0.0,0.0,0.0,1.0,0.0,0.0,0.0,0.0,0.0,0.0,0.0,0.0,1.0,0.0,0.0,0.0,0.0,0.0,2,5
9,0.0,0.0,0.0,0.0,0.0,0.0,0.0,,58.0,,6.0,,1,1,0,98,98,0,944,98.0,0.0,0.0,0.0,0.0,0,0,0,0.0,,,0.0,0.0,0.0,,,,,,,0.0,0.0,0.0,Benign,Benign,Benign,0.0,0.0,0.0,1.0,0.0,0.0,0.0,0.0,0.0,0.0,0.0,0.0,0.0,0.0,0.0,1.0,0.0,0.0,0.0,0.0,0.0,0.0,0.0,0.0,1.0,0.0,0.0,0.0,0.0,0.0,0.0,0.0,0.0,0.0,1.0,0.0,0.0,0.0,0.0,0.0,0.0,0.0,0.0,1.0,0.0,0.0,0.0,0.0,0.0,2,5
10,0.217919,0.217919,0.217919,0.217919,0.217919,0.217919,0.0,0.0,64.0,53.0,0.0,11.0,22,13,9,13163,8366,4797,1048,643.538452,533.0,440053.4063,283518.1875,156535.2188,0,0,0,0.0,,,96.366081,55.06633,36.710888,,,,,,,0.0,0.0,0.0,Benign,Benign,Benign,0.0,0.0,0.0,1.0,0.0,0.0,0.0,0.0,0.0,0.0,0.0,0.0,0.0,0.0,0.0,0.0,0.0,0.0,0.0,0.0,0.0,1.0,0.0,1.0,0.0,0.0,0.0,0.0,0.0,0.0,0.0,0.0,0.0,0.0,1.0,0.0,0.0,0.0,0.0,0.0,0.0,0.0,0.0,1.0,0.0,0.0,0.0,0.0,0.0,2,5
11,2.996247,2.996247,2.996247,2.996247,2.996247,2.996247,136.0,,255.0,,1.0,,3,3,0,222,222,0,1144,74.0,0.0,395.161011,395.161011,0.0,2,2,0,40.0,0.0,0.0,0.667502,0.667502,0.0,3737600.0,,,,3337220161.0,,0.0,0.0,0.0,Benign,Benign,Benign,0.0,0.0,0.0,0.0,0.0,0.0,0.0,0.0,0.0,0.0,0.0,1.0,0.0,0.0,0.0,0.0,0.0,0.0,0.0,0.0,1.0,0.0,0.0,0.0,0.0,0.0,0.0,0.0,1.0,0.0,0.0,0.0,0.0,0.0,1.0,0.0,0.0,0.0,0.0,0.0,0.0,0.0,1.0,0.0,0.0,0.0,0.0,0.0,0.0,3,5
12,0.0,0.0,0.0,0.0,0.0,0.0,0.0,,58.0,,6.0,,1,1,0,98,98,0,1348,98.0,0.0,0.0,0.0,0.0,0,0,0,0.0,,,0.0,0.0,0.0,,,,,,,0.0,0.0,0.0,Benign,Benign,Benign,0.0,0.0,0.0,1.0,0.0,0.0,0.0,0.0,0.0,0.0,0.0,0.0,0.0,0.0,0.0,1.0,0.0,0.0,0.0,0.0,0.0,0.0,0.0,0.0,1.0,0.0,0.0,0.0,0.0,0.0,0.0,0.0,0.0,0.0,1.0,0.0,0.0,0.0,0.0,0.0,0.0,0.0,0.0,1.0,0.0,0.0,0.0,0.0,0.0,3,5
13,0.0,0.0,0.0,0.0,0.0,0.0,0.0,,58.0,,6.0,,1,1,0,98,98,0,1452,98.0,0.0,0.0,0.0,0.0,0,0,0,0.0,,,0.0,0.0,0.0,,,,,,,0.0,0.0,0.0,Benign,Benign,Benign,0.0,0.0,0.0,1.0,0.0,0.0,0.0,0.0,0.0,0.0,0.0,0.0,0.0,0.0,0.0,1.0,0.0,0.0,0.0,0.0,0.0,0.0,0.0,0.0,1.0,0.0,0.0,0.0,0.0,0.0,0.0,0.0,0.0,0.0,1.0,0.0,0.0,0.0,0.0,0.0,0.0,0.0,0.0,1.0,0.0,0.0,0.0,0.0,0.0,3,5
14,0.045953,0.045953,0.045953,0.045953,0.045953,0.045953,0.0,0.0,64.0,117.0,0.0,11.0,6,3,3,728,528,200,1556,176.0,66.666664,84608.17969,61280.0,23328.18164,0,0,0,0.0,,,108.806824,43.522728,43.522728,,,,,,,0.0,0.0,0.0,Benign,Benign,Benign,0.0,0.0,0.0,1.0,0.0,0.0,0.0,0.0,0.0,0.0,0.0,0.0,0.0,0.0,0.0,0.0,0.0,0.0,0.0,0.0,0.0,1.0,0.0,1.0,0.0,0.0,0.0,0.0,0.0,0.0,0.0,0.0,0.0,0.0,1.0,0.0,0.0,0.0,0.0,0.0,0.0,0.0,0.0,1.0,0.0,0.0,0.0,0.0,0.0,3,5
15,0.04825,0.04825,0.04825,0.04825,0.04825,0.04825,0.0,0.0,64.0,117.0,0.0,11.0,6,3,3,730,530,200,1652,176.666672,66.666664,80911.91406,58694.30078,22217.61523,0,0,0,0.0,,,103.626938,41.450775,41.450775,,,,,,,0.0,0.0,0.0,Benign,Benign,Benign,0.0,0.0,0.0,1.0,0.0,0.0,0.0,0.0,0.0,0.0,0.0,0.0,0.0,0.0,0.0,0.0,0.0,0.0,0.0,0.0,0.0,1.0,0.0,1.0,0.0,0.0,0.0,0.0,0.0,0.0,0.0,0.0,0.0,0.0,1.0,0.0,0.0,0.0,0.0,0.0,0.0,0.0,0.0,1.0,0.0,0.0,0.0,0.0,0.0,3,5
16,0.050024,0.050024,0.050024,0.050024,0.050024,0.050024,0.0,0.0,64.0,117.0,0.0,11.0,6,3,3,748,548,200,1748,182.666672,66.666664,79961.61719,58531.90625,21429.71484,0,0,0,0.0,,,99.952026,39.980808,39.980808,,,,,,,0.0,0.0,0.0,Benign,Benign,Benign,0.0,0.0,0.0,1.0,0.0,0.0,0.0,0.0,0.0,0.0,0.0,0.0,0.0,0.0,0.0,0.0,0.0,0.0,0.0,0.0,0.0,1.0,0.0,1.0,0.0,0.0,0.0,0.0,0.0,0.0,0.0,0.0,0.0,0.0,1.0,0.0,0.0,0.0,0.0,0.0,0.0,0.0,0.0,1.0,0.0,0.0,0.0,0.0,0.0,4,5
17,0.0,0.0,0.0,0.0,0.0,0.0,0.0,,58.0,,6.0,,1,1,0,98,98,0,1844,98.0,0.0,0.0,0.0,0.0,0,0,0,0.0,,,0.0,0.0,0.0,,,,,,,0.0,0.0,0.0,Benign,Benign,Benign,0.0,0.0,0.0,1.0,0.0,0.0,0.0,0.0,0.0,0.0,0.0,0.0,0.0,0.0,0.0,1.0,0.0,0.0,0.0,0.0,0.0,0.0,0.0,0.0,1.0,0.0,0.0,0.0,0.0,0.0,0.0,0.0,0.0,0.0,1.0,0.0,0.0,0.0,0.0,0.0,0.0,0.0,0.0,1.0,0.0,0.0,0.0,0.0,0.0,4,5
18,0.173787,0.173787,0.173787,0.173787,0.173787,0.173787,0.0,0.0,64.0,52.0,0.0,12.0,18,9,9,7198,4180,3018,1948,464.444458,335.333344,294567.5,171059.9844,123507.5156,0,0,0,0.0,,,97.8209,46.033363,46.033363,,,,,,,0.0,0.0,0.0,Benign,Benign,Benign,0.0,0.0,0.0,1.0,0.0,0.0,0.0,0.0,0.0,0.0,0.0,0.0,0.0,0.0,0.0,0.0,0.0,0.0,0.0,0.0,0.0,1.0,0.0,1.0,0.0,0.0,0.0,0.0,0.0,0.0,0.0,0.0,0.0,0.0,1.0,0.0,0.0,0.0,0.0,0.0,0.0,0.0,0.0,1.0,0.0,0.0,0.0,0.0,0.0,4,5
19,0.0,0.0,0.0,0.0,0.0,0.0,0.0,,58.0,,6.0,,1,1,0,98,98,0,2044,98.0,0.0,0.0,0.0,0.0,0,0,0,0.0,,,0.0,0.0,0.0,,,,,,,0.0,0.0,0.0,Benign,Benign,Benign,0.0,0.0,0.0,1.0,0.0,0.0,0.0,0.0,0.0,0.0,0.0,0.0,0.0,0.0,0.0,1.0,0.0,0.0,0.0,0.0,0.0,0.0,0.0,0.0,1.0,0.0,0.0,0.0,0.0,0.0,0.0,0.0,0.0,0.0,1.0,0.0,0.0,0.0,0.0,0.0,0.0,0.0,0.0,1.0,0.0,0.0,0.0,0.0,0.0,4,5
20,4.997855,4.997855,4.997855,4.997855,4.997855,4.997855,0.0,0.0,117.0,64.0,11.0,0.0,168,149,19,206064,201582,4482,2148,1352.899292,235.89473,327303.625,320505.5,6798.116211,0,0,0,0.0,,,33.414333,29.612703,3.601545,,,,,,,0.0,0.0,0.0,Benign,Benign,Benign,0.0,0.0,0.0,1.0,0.0,0.0,0.0,0.0,0.0,0.0,0.0,0.0,0.0,0.0,0.0,0.0,0.0,0.0,0.0,0.0,0.0,1.0,0.0,1.0,0.0,0.0,0.0,0.0,0.0,0.0,0.0,0.0,0.0,0.0,0.0,1.0,0.0,0.0,0.0,0.0,0.0,0.0,0.0,1.0,0.0,0.0,0.0,0.0,0.0,4,5
21,4.99912,4.99912,4.99912,4.99912,4.99912,4.99912,0.0,0.0,117.0,64.0,11.0,0.0,151,135,16,174146,169427,4719,2252,1255.014771,294.9375,276203.8125,269122.5625,7081.246094,0,0,0,0.0,,,30.00528,26.804716,3.000528,,,,,,,0.0,0.0,0.0,Benign,Benign,Benign,0.0,0.0,0.0,1.0,0.0,0.0,0.0,0.0,0.0,0.0,0.0,0.0,0.0,0.0,0.0,0.0,0.0,0.0,0.0,0.0,0.0,1.0,0.0,1.0,0.0,0.0,0.0,0.0,0.0,0.0,0.0,0.0,0.0,0.0,0.0,1.0,0.0,0.0,0.0,0.0,0.0,0.0,0.0,1.0,0.0,0.0,0.0,0.0,0.0,5,5
22,4.998846,4.998846,4.998846,4.998846,4.998846,4.998846,0.0,0.0,117.0,64.0,11.0,0.0,165,149,16,205811,201533,4278,2356,1352.570435,267.375,326782.625,320363.5313,6419.081543,0,0,0,0.0,,,32.807571,29.606833,3.000693,,,,,,,0.0,0.0,0.0,Benign,Benign,Benign,0.0,0.0,0.0,1.0,0.0,0.0,0.0,0.0,0.0,0.0,0.0,0.0,0.0,0.0,0.0,0.0,0.0,0.0,0.0,0.0,0.0,1.0,0.0,1.0,0.0,0.0,0.0,0.0,0.0,0.0,0.0,0.0,0.0,0.0,0.0,1.0,0.0,0.0,0.0,0.0,0.0,0.0,0.0,1.0,0.0,0.0,0.0,0.0,0.0,5,5
23,4.952159,4.952159,4.952159,4.952159,4.952159,4.952159,0.0,0.0,117.0,64.0,11.0,0.0,121,94,27,126573,120662,5911,2460,1283.638306,218.925919,202048.4375,192851.6406,9196.796875,0,0,0,0.0,,,24.231855,18.779688,5.250236,,,,,,,0.0,0.0,0.0,Benign,Benign,Benign,0.0,0.0,0.0,1.0,0.0,0.0,0.0,0.0,0.0,0.0,0.0,0.0,0.0,0.0,0.0,0.0,0.0,0.0,0.0,0.0,0.0,1.0,0.0,1.0,0.0,0.0,0.0,0.0,0.0,0.0,0.0,0.0,0.0,0.0,0.0,1.0,0.0,0.0,0.0,0.0,0.0,0.0,0.0,1.0,0.0,0.0,0.0,0.0,0.0,5,5
24,0.124988,0.124988,0.124988,0.124988,0.124988,0.124988,0.0,0.0,64.0,53.0,0.0,11.0,10,5,5,2093,921,1172,2564,184.199997,234.399994,107210.2969,47172.53125,60037.76563,0,0,0,0.0,0.0,0.0,72.006912,32.003075,32.003075,599.0,448.0,,,188198650.0,439569382.0,0.0,0.0,0.0,Benign,Benign,Benign,0.0,0.0,0.0,1.0,0.0,0.0,0.0,0.0,0.0,0.0,0.0,0.0,0.0,0.0,0.0,0.0,0.0,0.0,0.0,0.0,1.0,0.0,0.0,1.0,0.0,0.0,0.0,0.0,0.0,0.0,0.0,0.0,0.0,0.0,1.0,0.0,0.0,0.0,0.0,0.0,0.0,0.0,0.0,1.0,0.0,0.0,0.0,0.0,0.0,5,5
25,0.099941,0.099941,0.099941,0.099941,0.099941,0.099941,0.0,0.0,64.0,53.0,0.0,11.0,9,5,4,4985,3181,1804,2776,636.200012,451.0,312024.0938,203720.1875,108303.8984,0,0,0,0.0,,,80.047226,40.023613,30.01771,,,,,,,0.0,0.0,0.0,Benign,Benign,Benign,0.0,0.0,0.0,1.0,0.0,0.0,0.0,0.0,0.0,0.0,0.0,0.0,0.0,0.0,0.0,0.0,0.0,0.0,0.0,0.0,0.0,1.0,0.0,1.0,0.0,0.0,0.0,0.0,0.0,0.0,0.0,0.0,0.0,0.0,1.0,0.0,0.0,0.0,0.0,0.0,0.0,0.0,0.0,1.0,0.0,0.0,0.0,0.0,0.0,5,5
26,0.0,0.0,0.0,0.0,0.0,0.0,0.0,,58.0,,6.0,,1,1,0,98,98,0,2872,98.0,0.0,0.0,0.0,0.0,0,0,0,0.0,,,0.0,0.0,0.0,,,,,,,0.0,0.0,0.0,Benign,Benign,Benign,0.0,0.0,0.0,1.0,0.0,0.0,0.0,0.0,0.0,0.0,0.0,0.0,0.0,0.0,0.0,1.0,0.0,0.0,0.0,0.0,0.0,0.0,0.0,0.0,1.0,0.0,0.0,0.0,0.0,0.0,0.0,0.0,0.0,0.0,1.0,0.0,0.0,0.0,0.0,0.0,0.0,0.0,0.0,1.0,0.0,0.0,0.0,0.0,0.0,6,5
27,0.0,0.0,0.0,0.0,0.0,0.0,0.0,,58.0,,6.0,,1,1,0,98,98,0,2976,98.0,0.0,0.0,0.0,0.0,0,0,0,0.0,,,0.0,0.0,0.0,,,,,,,0.0,0.0,0.0,Benign,Benign,Benign,0.0,0.0,0.0,1.0,0.0,0.0,0.0,0.0,0.0,0.0,0.0,0.0,0.0,0.0,0.0,1.0,0.0,0.0,0.0,0.0,0.0,0.0,0.0,0.0,1.0,0.0,0.0,0.0,0.0,0.0,0.0,0.0,0.0,0.0,1.0,0.0,0.0,0.0,0.0,0.0,0.0,0.0,0.0,1.0,0.0,0.0,0.0,0.0,0.0,6,5
28,0.0,0.0,0.0,0.0,0.0,0.0,0.0,,58.0,,6.0,,1,1,0,98,98,0,3080,98.0,0.0,0.0,0.0,0.0,0,0,0,0.0,,,0.0,0.0,0.0,,,,,,,0.0,0.0,0.0,Benign,Benign,Benign,0.0,0.0,0.0,1.0,0.0,0.0,0.0,0.0,0.0,0.0,0.0,0.0,0.0,0.0,0.0,1.0,0.0,0.0,0.0,0.0,0.0,0.0,0.0,0.0,1.0,0.0,0.0,0.0,0.0,0.0,0.0,0.0,0.0,0.0,1.0,0.0,0.0,0.0,0.0,0.0,0.0,0.0,0.0,1.0,0.0,0.0,0.0,0.0,0.0,6,5
29,0.0,0.0,0.0,0.0,0.0,0.0,0.0,,58.0,,6.0,,1,1,0,98,98,0,3184,98.0,0.0,0.0,0.0,0.0,0,0,0,0.0,,,0.0,0.0,0.0,,,,,,,0.0,0.0,0.0,Benign,Benign,Benign,0.0,0.0,0.0,1.0,0.0,0.0,0.0,0.0,0.0,0.0,0.0,0.0,0.0,0.0,0.0,1.0,0.0,0.0,0.0,0.0,0.0,0.0,0.0,0.0,1.0,0.0,0.0,0.0,0.0,0.0,0.0,0.0,0.0,0.0,1.0,0.0,0.0,0.0,0.0,0.0,0.0,0.0,0.0,1.0,0.0,0.0,0.0,0.0,0.0,6,5
30,0.202288,0.202288,0.202288,0.202288,0.202288,0.202288,0.0,0.0,64.0,53.0,0.0,11.0,22,12,10,8289,3911,4378,3288,325.916656,437.799988,297674.5938,141817.6094,155857.0,0,0,0,0.0,,,103.812386,54.377914,44.491024,,,,,,,0.0,0.0,0.0,Benign,Benign,Benign,0.0,0.0,0.0,1.0,0.0,0.0,0.0,0.0,0.0,0.0,0.0,0.0,0.0,0.0,0.0,0.0,0.0,0.0,0.0,0.0,0.0,1.0,0.0,1.0,0.0,0.0,0.0,0.0,0.0,0.0,0.0,0.0,0.0,0.0,1.0,0.0,0.0,0.0,0.0,0.0,0.0,0.0,0.0,1.0,0.0,0.0,0.0,0.0,0.0,6,5
31,4.998873,4.998873,4.998873,4.998873,4.998873,4.998873,0.0,0.0,117.0,64.0,11.0,0.0,107,91,16,122760,117886,4874,3384,1295.450562,304.625,193901.2813,186587.6406,7313.647949,0,0,0,0.0,,,21.204779,18.004057,3.000676,,,,,,,0.0,0.0,0.0,Benign,Benign,Benign,0.0,0.0,0.0,1.0,0.0,0.0,0.0,0.0,0.0,0.0,0.0,0.0,0.0,0.0,0.0,0.0,0.0,0.0,0.0,0.0,0.0,1.0,0.0,1.0,0.0,0.0,0.0,0.0,0.0,0.0,0.0,0.0,0.0,0.0,0.0,1.0,0.0,0.0,0.0,0.0,0.0,0.0,0.0,1.0,0.0,0.0,0.0,0.0,0.0,7,5
32,4.996729,4.996729,4.996729,4.996729,4.996729,4.996729,0.0,0.0,117.0,64.0,11.0,0.0,114,100,14,128960,124376,4584,3488,1243.76001,327.428558,203957.4531,197141.7813,6815.65918,0,0,0,0.0,,,22.614796,19.812962,2.601702,,,,,,,0.0,0.0,0.0,Benign,Benign,Benign,0.0,0.0,0.0,1.0,0.0,0.0,0.0,0.0,0.0,0.0,0.0,0.0,0.0,0.0,0.0,0.0,0.0,0.0,0.0,0.0,0.0,1.0,0.0,1.0,0.0,0.0,0.0,0.0,0.0,0.0,0.0,0.0,0.0,0.0,0.0,1.0,0.0,0.0,0.0,0.0,0.0,0.0,0.0,1.0,0.0,0.0,0.0,0.0,0.0,7,5
33,4.998027,4.998027,4.998027,4.998027,4.998027,4.998027,0.0,0.0,117.0,64.0,11.0,0.0,118,100,18,133899,129137,4762,3592,1291.369995,264.555542,211834.0,204634.3594,7199.641113,0,0,0,0.0,,,23.409239,19.807817,3.401342,,,,,,,0.0,0.0,0.0,Benign,Benign,Benign,0.0,0.0,0.0,1.0,0.0,0.0,0.0,0.0,0.0,0.0,0.0,0.0,0.0,0.0,0.0,0.0,0.0,0.0,0.0,0.0,0.0,1.0,0.0,1.0,0.0,0.0,0.0,0.0,0.0,0.0,0.0,0.0,0.0,0.0,0.0,1.0,0.0,0.0,0.0,0.0,0.0,0.0,0.0,1.0,0.0,0.0,0.0,0.0,0.0,7,5
34,4.975156,4.975156,4.975156,4.975156,4.975156,4.975156,0.0,0.0,117.0,64.0,11.0,0.0,166,146,20,201699,196960,4739,3696,1349.041138,236.949997,321781.2813,314540.5,7240.77832,0,0,0,0.0,,,33.164791,29.144815,3.818976,,,,,,,0.0,0.0,0.0,Benign,Benign,Benign,0.0,0.0,0.0,1.0,0.0,0.0,0.0,0.0,0.0,0.0,0.0,0.0,0.0,0.0,0.0,0.0,0.0,0.0,0.0,0.0,0.0,1.0,0.0,1.0,0.0,0.0,0.0,0.0,0.0,0.0,0.0,0.0,0.0,0.0,0.0,1.0,0.0,0.0,0.0,0.0,0.0,0.0,0.0,1.0,0.0,0.0,0.0,0.0,0.0,7,5
35,0.0,0.0,0.0,0.0,0.0,0.0,0.0,,58.0,,6.0,,1,1,0,98,98,0,3800,98.0,0.0,0.0,0.0,0.0,0,0,0,0.0,,,0.0,0.0,0.0,,,,,,,0.0,0.0,0.0,Benign,Benign,Benign,0.0,0.0,0.0,1.0,0.0,0.0,0.0,0.0,0.0,0.0,0.0,0.0,0.0,0.0,0.0,1.0,0.0,0.0,0.0,0.0,0.0,0.0,0.0,0.0,1.0,0.0,0.0,0.0,0.0,0.0,0.0,0.0,0.0,0.0,1.0,0.0,0.0,0.0,0.0,0.0,0.0,0.0,0.0,1.0,0.0,0.0,0.0,0.0,0.0,7,5
36,0.099049,0.099049,0.099049,0.099049,0.099049,0.099049,0.0,0.0,64.0,117.0,0.0,11.0,6,3,3,746,546,200,3904,182.0,66.666664,40222.51563,29399.58984,10822.92578,0,0,0,0.0,,,50.480064,20.192026,20.192026,,,,,,,0.0,0.0,0.0,Benign,Benign,Benign,0.0,0.0,0.0,1.0,0.0,0.0,0.0,0.0,0.0,0.0,0.0,0.0,0.0,0.0,0.0,0.0,0.0,0.0,0.0,0.0,0.0,1.0,0.0,1.0,0.0,0.0,0.0,0.0,0.0,0.0,0.0,0.0,0.0,0.0,1.0,0.0,0.0,0.0,0.0,0.0,0.0,0.0,0.0,1.0,0.0,0.0,0.0,0.0,0.0,8,5
37,0.129166,0.129166,0.129166,0.129166,0.129166,0.129166,0.0,0.0,64.0,117.0,0.0,11.0,8,4,4,879,603,276,4000,150.75,69.0,40877.62891,28056.91797,12820.71094,0,0,0,0.0,,,54.193825,23.225925,23.225925,,,,,,,0.0,0.0,0.0,Benign,Benign,Benign,0.0,0.0,0.0,1.0,0.0,0.0,0.0,0.0,0.0,0.0,0.0,0.0,0.0,0.0,0.0,0.0,0.0,0.0,0.0,0.0,0.0,1.0,0.0,1.0,0.0,0.0,0.0,0.0,0.0,0.0,0.0,0.0,0.0,0.0,1.0,0.0,0.0,0.0,0.0,0.0,0.0,0.0,0.0,1.0,0.0,0.0,0.0,0.0,0.0,8,5
38,0.17489,0.17489,0.17489,0.17489,0.17489,0.17489,0.0,0.0,64.0,53.0,0.0,11.0,21,13,8,13748,9058,4690,4096,696.769226,586.25,570232.75,382503.2813,187729.4375,0,0,0,0.0,,,114.357597,68.614555,40.025158,,,,,,,0.0,0.0,0.0,Benign,Benign,Benign,0.0,0.0,0.0,1.0,0.0,0.0,0.0,0.0,0.0,0.0,0.0,0.0,0.0,0.0,0.0,0.0,0.0,0.0,0.0,0.0,0.0,1.0,0.0,1.0,0.0,0.0,0.0,0.0,0.0,0.0,0.0,0.0,0.0,0.0,1.0,0.0,0.0,0.0,0.0,0.0,0.0,0.0,0.0,1.0,0.0,0.0,0.0,0.0,0.0,8,5
39,0.000246,0.000246,0.000246,0.000246,0.000246,0.000246,186.0,186.0,255.0,252.0,1.0,4.0,2,1,1,192,94,98,4192,94.0,98.0,0.0,0.0,0.0,0,0,0,0.0,,,4065.040527,0.0,0.0,,,,610.0,,,0.0,0.0,0.0,Benign,Benign,Benign,1.0,0.0,0.0,0.0,0.0,0.0,0.0,0.0,0.0,0.0,0.0,0.0,0.0,0.0,0.0,0.0,0.0,0.0,0.0,1.0,0.0,0.0,0.0,1.0,0.0,0.0,0.0,0.0,0.0,0.0,0.0,0.0,0.0,0.0,1.0,0.0,0.0,0.0,0.0,0.0,0.0,0.0,0.0,0.0,0.0,0.0,0.0,1.0,0.0,8,5
40,0.0,0.0,0.0,0.0,0.0,0.0,0.0,,58.0,,6.0,,1,1,0,98,98,0,4292,98.0,0.0,0.0,0.0,0.0,0,0,0,0.0,,,0.0,0.0,0.0,,,,,,,0.0,0.0,0.0,Benign,Benign,Benign,0.0,0.0,0.0,1.0,0.0,0.0,0.0,0.0,0.0,0.0,0.0,0.0,0.0,0.0,0.0,1.0,0.0,0.0,0.0,0.0,0.0,0.0,0.0,0.0,1.0,0.0,0.0,0.0,0.0,0.0,0.0,0.0,0.0,0.0,1.0,0.0,0.0,0.0,0.0,0.0,0.0,0.0,0.0,1.0,0.0,0.0,0.0,0.0,0.0,8,5
41,0.0,0.0,0.0,0.0,0.0,0.0,0.0,,58.0,,6.0,,1,1,0,98,98,0,4396,98.0,0.0,0.0,0.0,0.0,0,0,0,0.0,,,0.0,0.0,0.0,,,,,,,0.0,0.0,0.0,Benign,Benign,Benign,0.0,0.0,0.0,1.0,0.0,0.0,0.0,0.0,0.0,0.0,0.0,0.0,0.0,0.0,0.0,1.0,0.0,0.0,0.0,0.0,0.0,0.0,0.0,0.0,1.0,0.0,0.0,0.0,0.0,0.0,0.0,0.0,0.0,0.0,1.0,0.0,0.0,0.0,0.0,0.0,0.0,0.0,0.0,1.0,0.0,0.0,0.0,0.0,0.0,9,5
42,0.000117,0.000117,0.000117,0.000117,0.000117,0.000117,40.0,186.0,250.0,255.0,6.0,1.0,2,1,1,232,118,114,4500,118.0,114.0,0.0,0.0,0.0,0,0,0,0.0,,,8547.008789,0.0,0.0,,,610.0,,,,0.0,0.0,0.0,Benign,Benign,Benign,1.0,0.0,0.0,0.0,0.0,0.0,0.0,0.0,0.0,0.0,0.0,0.0,0.0,0.0,0.0,0.0,0.0,0.0,0.0,1.0,0.0,0.0,0.0,1.0,0.0,0.0,0.0,0.0,0.0,0.0,0.0,0.0,0.0,0.0,1.0,0.0,0.0,0.0,0.0,0.0,1.0,0.0,0.0,0.0,0.0,0.0,0.0,0.0,0.0,9,5
43,1.880046,1.880046,1.880046,1.880046,1.880046,1.880046,0.0,,49.0,,15.0,,2,2,0,108,108,0,4600,54.0,0.0,229.781616,229.781616,0.0,0,0,0,0.0,,,0.531902,0.531902,0.0,,,,,,,0.0,0.0,0.0,Malicious,SYNScan,Nmap,0.0,0.0,0.0,1.0,0.0,0.0,0.0,0.0,0.0,0.0,0.0,0.0,0.0,0.0,0.0,1.0,0.0,0.0,0.0,0.0,0.0,0.0,0.0,0.0,0.0,0.0,0.0,0.0,0.0,0.0,0.0,1.0,0.0,0.0,1.0,0.0,0.0,0.0,0.0,0.0,0.0,0.0,0.0,1.0,0.0,0.0,0.0,0.0,0.0,9,5
44,0.0,0.0,0.0,0.0,0.0,0.0,0.0,,58.0,,6.0,,1,1,0,98,98,0,4688,98.0,0.0,0.0,0.0,0.0,0,0,0,0.0,,,0.0,0.0,0.0,,,,,,,0.0,0.0,0.0,Benign,Benign,Benign,0.0,0.0,0.0,1.0,0.0,0.0,0.0,0.0,0.0,0.0,0.0,0.0,0.0,0.0,0.0,1.0,0.0,0.0,0.0,0.0,0.0,0.0,0.0,0.0,1.0,0.0,0.0,0.0,0.0,0.0,0.0,0.0,0.0,0.0,1.0,0.0,0.0,0.0,0.0,0.0,0.0,0.0,0.0,1.0,0.0,0.0,0.0,0.0,0.0,9,5
45,0.0,0.0,0.0,0.0,0.0,0.0,0.0,,58.0,,6.0,,1,1,0,98,98,0,4792,98.0,0.0,0.0,0.0,0.0,0,0,0,0.0,,,0.0,0.0,0.0,,,,,,,0.0,0.0,0.0,Benign,Benign,Benign,0.0,0.0,0.0,1.0,0.0,0.0,0.0,0.0,0.0,0.0,0.0,0.0,0.0,0.0,0.0,1.0,0.0,0.0,0.0,0.0,0.0,0.0,0.0,0.0,1.0,0.0,0.0,0.0,0.0,0.0,0.0,0.0,0.0,0.0,1.0,0.0,0.0,0.0,0.0,0.0,0.0,0.0,0.0,1.0,0.0,0.0,0.0,0.0,0.0,9,5
46,0.0,0.0,0.0,0.0,0.0,0.0,0.0,,54.0,,10.0,,1,1,0,54,54,0,4896,54.0,0.0,0.0,0.0,0.0,0,0,0,0.0,0.0,0.0,0.0,0.0,0.0,0.0,,,,4294967295.0,,0.0,0.0,0.0,Malicious,SYNScan,Nmap,0.0,0.0,0.0,1.0,0.0,0.0,0.0,0.0,0.0,0.0,0.0,0.0,0.0,0.0,0.0,0.0,0.0,0.0,0.0,0.0,1.0,0.0,0.0,1.0,0.0,0.0,0.0,0.0,0.0,0.0,0.0,0.0,0.0,0.0,1.0,0.0,0.0,0.0,0.0,0.0,0.0,0.0,0.0,1.0,0.0,0.0,0.0,0.0,0.0,10,5
47,0.001938,0.001938,0.001938,0.001938,0.001938,0.001938,0.0,0.0,45.0,59.0,19.0,5.0,2,1,1,84,42,42,4992,42.0,42.0,0.0,0.0,0.0,0,0,0,0.0,,,515.99585,0.0,0.0,,,,,,,0.0,0.0,0.0,Malicious,SYNScan,Nmap,0.0,0.0,0.0,1.0,0.0,0.0,0.0,0.0,0.0,0.0,0.0,0.0,0.0,0.0,0.0,1.0,0.0,0.0,0.0,0.0,0.0,0.0,0.0,0.0,1.0,0.0,0.0,0.0,0.0,0.0,0.0,0.0,0.0,0.0,1.0,0.0,0.0,0.0,0.0,0.0,0.0,0.0,0.0,1.0,0.0,0.0,0.0,0.0,0.0,10,5
48,0.001938,0.001938,0.001938,0.001938,0.001938,0.001938,0.0,0.0,50.0,59.0,14.0,5.0,2,1,1,112,58,54,5084,58.0,54.0,0.0,0.0,0.0,0,0,0,0.0,0.0,0.0,515.99585,0.0,0.0,1024.0,0.0,,,3726640428.0,,0.0,0.0,0.0,Malicious,SYNScan,Nmap,0.0,0.0,0.0,1.0,0.0,0.0,0.0,0.0,0.0,0.0,0.0,0.0,0.0,0.0,0.0,0.0,0.0,0.0,0.0,0.0,1.0,0.0,0.0,0.0,0.0,0.0,0.0,0.0,0.0,0.0,1.0,0.0,0.0,0.0,1.0,0.0,0.0,0.0,0.0,0.0,0.0,0.0,0.0,1.0,0.0,0.0,0.0,0.0,0.0,10,5
49,0.000908,0.000908,0.000908,0.000908,0.000908,0.000908,0.0,48.0,64.0,63.0,0.0,1.0,2,1,1,220,85,135,5292,85.0,135.0,0.0,0.0,0.0,0,0,0,0.0,,,1101.321655,0.0,0.0,,,,,,,0.0,0.0,0.0,Benign,Benign,Benign,0.0,0.0,0.0,1.0,0.0,0.0,0.0,0.0,0.0,0.0,0.0,0.0,0.0,0.0,0.0,0.0,0.0,0.0,0.0,0.0,0.0,1.0,0.0,1.0,0.0,0.0,0.0,0.0,0.0,0.0,0.0,0.0,0.0,0.0,1.0,0.0,0.0,0.0,0.0,0.0,0.0,0.0,0.0,1.0,0.0,0.0,0.0,0.0,0.0,10,5
50,4.999846,4.999846,4.999846,4.999846,4.999846,4.999846,0.0,0.0,117.0,64.0,11.0,0.0,160,143,17,197752,193398,4354,5384,1352.433594,256.117645,313840.0625,307283.0625,6557.001953,0,0,0,0.0,,,31.80098,28.400875,3.200099,,,,,,,0.0,0.0,0.0,Benign,Benign,Benign,0.0,0.0,0.0,1.0,0.0,0.0,0.0,0.0,0.0,0.0,0.0,0.0,0.0,0.0,0.0,0.0,0.0,0.0,0.0,0.0,0.0,1.0,0.0,1.0,0.0,0.0,0.0,0.0,0.0,0.0,0.0,0.0,0.0,0.0,0.0,1.0,0.0,0.0,0.0,0.0,0.0,0.0,0.0,1.0,0.0,0.0,0.0,0.0,0.0,10,5
51,4.9979,4.9979,4.9979,4.9979,4.9979,4.9979,0.0,0.0,117.0,64.0,11.0,0.0,171,149,22,203762,197806,5956,5488,1327.557007,270.727264,323599.9063,314498.5,9101.422852,0,0,0,0.0,,,34.014286,29.612436,4.201765,,,,,,,0.0,0.0,0.0,Benign,Benign,Benign,0.0,0.0,0.0,1.0,0.0,0.0,0.0,0.0,0.0,0.0,0.0,0.0,0.0,0.0,0.0,0.0,0.0,0.0,0.0,0.0,0.0,1.0,0.0,1.0,0.0,0.0,0.0,0.0,0.0,0.0,0.0,0.0,0.0,0.0,0.0,1.0,0.0,0.0,0.0,0.0,0.0,0.0,0.0,1.0,0.0,0.0,0.0,0.0,0.0,11,5
52,4.9954,4.9954,4.9954,4.9954,4.9954,4.9954,0.0,0.0,117.0,64.0,11.0,0.0,152,133,19,170759,165820,4939,5592,1246.766968,259.947357,271055.7813,263560.875,7494.895508,0,0,0,0.0,,,30.22781,26.424311,3.603315,,,,,,,0.0,0.0,0.0,Benign,Benign,Benign,0.0,0.0,0.0,1.0,0.0,0.0,0.0,0.0,0.0,0.0,0.0,0.0,0.0,0.0,0.0,0.0,0.0,0.0,0.0,0.0,0.0,1.0,0.0,1.0,0.0,0.0,0.0,0.0,0.0,0.0,0.0,0.0,0.0,0.0,0.0,1.0,0.0,0.0,0.0,0.0,0.0,0.0,0.0,1.0,0.0,0.0,0.0,0.0,0.0,11,5
53,4.999845,4.999845,4.999845,4.999845,4.999845,4.999845,0.0,0.0,117.0,64.0,11.0,0.0,155,130,25,177656,171223,6433,5696,1317.099976,257.320007,281739.9375,271858.0313,9881.90625,0,0,0,0.0,,,30.800955,25.8008,4.800149,,,,,,,0.0,0.0,0.0,Benign,Benign,Benign,0.0,0.0,0.0,1.0,0.0,0.0,0.0,0.0,0.0,0.0,0.0,0.0,0.0,0.0,0.0,0.0,0.0,0.0,0.0,0.0,0.0,1.0,0.0,1.0,0.0,0.0,0.0,0.0,0.0,0.0,0.0,0.0,0.0,0.0,0.0,1.0,0.0,0.0,0.0,0.0,0.0,0.0,0.0,1.0,0.0,0.0,0.0,0.0,0.0,11,5
54,0.001653,0.001653,0.001653,0.001653,0.001653,0.001653,0.0,0.0,64.0,62.0,0.0,2.0,2,1,1,220,85,135,5800,85.0,135.0,0.0,0.0,0.0,0,0,0,0.0,,,604.960693,0.0,0.0,,,,,,,0.0,0.0,0.0,Benign,Benign,Benign,0.0,0.0,0.0,1.0,0.0,0.0,0.0,0.0,0.0,0.0,0.0,0.0,0.0,0.0,0.0,0.0,0.0,0.0,0.0,0.0,0.0,1.0,0.0,1.0,0.0,0.0,0.0,0.0,0.0,0.0,0.0,0.0,0.0,0.0,1.0,0.0,0.0,0.0,0.0,0.0,0.0,0.0,0.0,1.0,0.0,0.0,0.0,0.0,0.0,11,5
55,0.0,0.0,0.0,0.0,0.0,0.0,0.0,,58.0,,6.0,,1,1,0,98,98,0,5892,98.0,0.0,0.0,0.0,0.0,0,0,0,0.0,,,0.0,0.0,0.0,,,,,,,0.0,0.0,0.0,Benign,Benign,Benign,0.0,0.0,0.0,1.0,0.0,0.0,0.0,0.0,0.0,0.0,0.0,0.0,0.0,0.0,0.0,1.0,0.0,0.0,0.0,0.0,0.0,0.0,0.0,0.0,1.0,0.0,0.0,0.0,0.0,0.0,0.0,0.0,0.0,0.0,1.0,0.0,0.0,0.0,0.0,0.0,0.0,0.0,0.0,1.0,0.0,0.0,0.0,0.0,0.0,11,5
56,0.0,0.0,0.0,0.0,0.0,0.0,0.0,,51.0,,13.0,,1,1,0,58,58,0,5996,58.0,0.0,0.0,0.0,0.0,0,0,0,0.0,0.0,0.0,0.0,0.0,0.0,0.0,,,,1668789075.0,,0.0,0.0,0.0,Malicious,SYNScan,Nmap,0.0,0.0,0.0,1.0,0.0,0.0,0.0,0.0,0.0,0.0,0.0,0.0,0.0,0.0,0.0,0.0,0.0,0.0,0.0,0.0,1.0,0.0,0.0,0.0,0.0,0.0,0.0,0.0,1.0,0.0,0.0,0.0,0.0,0.0,1.0,0.0,0.0,0.0,0.0,0.0,0.0,0.0,0.0,1.0,0.0,0.0,0.0,0.0,0.0,12,5
57,0.014995,0.014995,0.014995,0.014995,0.014995,0.014995,0.0,0.0,63.0,59.0,1.0,5.0,3,2,1,170,112,58,6092,56.0,58.0,29876.625,29876.625,0.0,0,0,0,0.0,0.0,0.0,133.377792,66.688896,0.0,1024.0,64240.0,,,1668789075.0,3311126176.0,0.001974,0.001974,0.0,Malicious,SYNScan,Nmap,0.0,0.0,0.0,1.0,0.0,0.0,0.0,0.0,0.0,0.0,0.0,0.0,0.0,0.0,0.0,0.0,0.0,0.0,0.0,0.0,1.0,0.0,0.0,0.0,0.0,0.0,0.0,0.0,0.0,0.0,1.0,0.0,0.0,0.0,1.0,0.0,0.0,0.0,0.0,0.0,0.0,0.0,0.0,1.0,0.0,0.0,0.0,0.0,0.0,12,5
58,0.0,0.0,0.0,0.0,0.0,0.0,0.0,,51.0,,13.0,,1,1,0,58,58,0,6300,58.0,0.0,0.0,0.0,0.0,0,0,0,0.0,0.0,0.0,0.0,0.0,0.0,0.0,,,,1668789075.0,,0.0,0.0,0.0,Malicious,SYNScan,Nmap,0.0,0.0,0.0,1.0,0.0,0.0,0.0,0.0,0.0,0.0,0.0,0.0,0.0,0.0,0.0,0.0,0.0,0.0,0.0,0.0,1.0,0.0,0.0,0.0,0.0,0.0,0.0,0.0,1.0,0.0,0.0,0.0,0.0,0.0,1.0,0.0,0.0,0.0,0.0,0.0,0.0,0.0,0.0,1.0,0.0,0.0,0.0,0.0,0.0,12,5
59,0.015981,0.015981,0.015981,0.015981,0.015981,0.015981,0.0,0.0,63.0,59.0,1.0,5.0,3,2,1,170,112,58,6396,56.0,58.0,28033.28906,28033.28906,0.0,0,0,0,0.0,0.0,0.0,125.148613,62.574306,0.0,1024.0,64240.0,,,1668789075.0,4226525830.0,0.001975,0.001975,0.0,Malicious,SYNScan,Nmap,0.0,0.0,0.0,1.0,0.0,0.0,0.0,0.0,0.0,0.0,0.0,0.0,0.0,0.0,0.0,0.0,0.0,0.0,0.0,0.0,1.0,0.0,0.0,0.0,0.0,0.0,0.0,0.0,0.0,0.0,1.0,0.0,0.0,0.0,1.0,0.0,0.0,0.0,0.0,0.0,0.0,0.0,0.0,1.0,0.0,0.0,0.0,0.0,0.0,12,5
60,0.0,0.0,0.0,0.0,0.0,0.0,0.0,,43.0,,21.0,,1,1,0,58,58,0,6604,58.0,0.0,0.0,0.0,0.0,0,0,0,0.0,0.0,0.0,0.0,0.0,0.0,0.0,,,,1668789075.0,,0.0,0.0,0.0,Malicious,SYNScan,Nmap,0.0,0.0,0.0,1.0,0.0,0.0,0.0,0.0,0.0,0.0,0.0,0.0,0.0,0.0,0.0,0.0,0.0,0.0,0.0,0.0,1.0,0.0,0.0,0.0,0.0,0.0,0.0,0.0,1.0,0.0,0.0,0.0,0.0,0.0,1.0,0.0,0.0,0.0,0.0,0.0,0.0,0.0,0.0,1.0,0.0,0.0,0.0,0.0,0.0,12,5
61,0.0,0.0,0.0,0.0,0.0,0.0,0.0,,39.0,,25.0,,1,1,0,58,58,0,6700,58.0,0.0,0.0,0.0,0.0,0,0,0,0.0,0.0,0.0,0.0,0.0,0.0,0.0,,,,1668789075.0,,0.0,0.0,0.0,Malicious,SYNScan,Nmap,0.0,0.0,0.0,1.0,0.0,0.0,0.0,0.0,0.0,0.0,0.0,0.0,0.0,0.0,0.0,0.0,0.0,0.0,0.0,0.0,1.0,0.0,0.0,0.0,0.0,0.0,0.0,0.0,1.0,0.0,0.0,0.0,0.0,0.0,1.0,0.0,0.0,0.0,0.0,0.0,0.0,0.0,0.0,1.0,0.0,0.0,0.0,0.0,0.0,13,5
62,0.0,0.0,0.0,0.0,0.0,0.0,0.0,,37.0,,27.0,,1,1,0,58,58,0,6796,58.0,0.0,0.0,0.0,0.0,0,0,0,0.0,0.0,0.0,0.0,0.0,0.0,0.0,,,,1668789075.0,,0.0,0.0,0.0,Malicious,SYNScan,Nmap,0.0,0.0,0.0,1.0,0.0,0.0,0.0,0.0,0.0,0.0,0.0,0.0,0.0,0.0,0.0,0.0,0.0,0.0,0.0,0.0,1.0,0.0,0.0,0.0,0.0,0.0,0.0,0.0,1.0,0.0,0.0,0.0,0.0,0.0,1.0,0.0,0.0,0.0,0.0,0.0,0.0,0.0,0.0,1.0,0.0,0.0,0.0,0.0,0.0,13,5
63,0.0,0.0,0.0,0.0,0.0,0.0,0.0,,40.0,,24.0,,1,1,0,58,58,0,6892,58.0,0.0,0.0,0.0,0.0,0,0,0,0.0,0.0,0.0,0.0,0.0,0.0,0.0,,,,1668789075.0,,0.0,0.0,0.0,Malicious,SYNScan,Nmap,0.0,0.0,0.0,1.0,0.0,0.0,0.0,0.0,0.0,0.0,0.0,0.0,0.0,0.0,0.0,0.0,0.0,0.0,0.0,0.0,1.0,0.0,0.0,0.0,0.0,0.0,0.0,0.0,1.0,0.0,0.0,0.0,0.0,0.0,1.0,0.0,0.0,0.0,0.0,0.0,0.0,0.0,0.0,1.0,0.0,0.0,0.0,0.0,0.0,13,5
64,0.0,0.0,0.0,0.0,0.0,0.0,0.0,,39.0,,25.0,,1,1,0,58,58,0,6988,58.0,0.0,0.0,0.0,0.0,0,0,0,0.0,0.0,0.0,0.0,0.0,0.0,0.0,,,,1668789075.0,,0.0,0.0,0.0,Malicious,SYNScan,Nmap,0.0,0.0,0.0,1.0,0.0,0.0,0.0,0.0,0.0,0.0,0.0,0.0,0.0,0.0,0.0,0.0,0.0,0.0,0.0,0.0,1.0,0.0,0.0,0.0,0.0,0.0,0.0,0.0,1.0,0.0,0.0,0.0,0.0,0.0,1.0,0.0,0.0,0.0,0.0,0.0,0.0,0.0,0.0,1.0,0.0,0.0,0.0,0.0,0.0,13,5
65,0.0,0.0,0.0,0.0,0.0,0.0,0.0,,57.0,,7.0,,1,1,0,58,58,0,7084,58.0,0.0,0.0,0.0,0.0,0,0,0,0.0,0.0,0.0,0.0,0.0,0.0,0.0,,,,1668789075.0,,0.0,0.0,0.0,Malicious,SYNScan,Nmap,0.0,0.0,0.0,1.0,0.0,0.0,0.0,0.0,0.0,0.0,0.0,0.0,0.0,0.0,0.0,0.0,0.0,0.0,0.0,0.0,1.0,0.0,0.0,0.0,0.0,0.0,0.0,0.0,1.0,0.0,0.0,0.0,0.0,0.0,1.0,0.0,0.0,0.0,0.0,0.0,0.0,0.0,0.0,1.0,0.0,0.0,0.0,0.0,0.0,13,5
66,0.0,0.0,0.0,0.0,0.0,0.0,0.0,,50.0,,14.0,,1,1,0,58,58,0,7180,58.0,0.0,0.0,0.0,0.0,0,0,0,0.0,0.0,0.0,0.0,0.0,0.0,0.0,,,,1668789075.0,,0.0,0.0,0.0,Malicious,SYNScan,Nmap,0.0,0.0,0.0,1.0,0.0,0.0,0.0,0.0,0.0,0.0,0.0,0.0,0.0,0.0,0.0,0.0,0.0,0.0,0.0,0.0,1.0,0.0,0.0,0.0,0.0,0.0,0.0,0.0,1.0,0.0,0.0,0.0,0.0,0.0,1.0,0.0,0.0,0.0,0.0,0.0,0.0,0.0,0.0,1.0,0.0,0.0,0.0,0.0,0.0,14,5
67,0.0,0.0,0.0,0.0,0.0,0.0,0.0,,36.0,,28.0,,1,1,0,58,58,0,7276,58.0,0.0,0.0,0.0,0.0,0,0,0,0.0,0.0,0.0,0.0,0.0,0.0,0.0,,,,1668789075.0,,0.0,0.0,0.0,Malicious,SYNScan,Nmap,0.0,0.0,0.0,1.0,0.0,0.0,0.0,0.0,0.0,0.0,0.0,0.0,0.0,0.0,0.0,0.0,0.0,0.0,0.0,0.0,1.0,0.0,0.0,0.0,0.0,0.0,0.0,0.0,1.0,0.0,0.0,0.0,0.0,0.0,1.0,0.0,0.0,0.0,0.0,0.0,0.0,0.0,0.0,1.0,0.0,0.0,0.0,0.0,0.0,14,5
68,0.0,0.0,0.0,0.0,0.0,0.0,0.0,,37.0,,27.0,,1,1,0,58,58,0,7372,58.0,0.0,0.0,0.0,0.0,0,0,0,0.0,0.0,0.0,0.0,0.0,0.0,0.0,,,,1668789075.0,,0.0,0.0,0.0,Malicious,SYNScan,Nmap,0.0,0.0,0.0,1.0,0.0,0.0,0.0,0.0,0.0,0.0,0.0,0.0,0.0,0.0,0.0,0.0,0.0,0.0,0.0,0.0,1.0,0.0,0.0,0.0,0.0,0.0,0.0,0.0,1.0,0.0,0.0,0.0,0.0,0.0,1.0,0.0,0.0,0.0,0.0,0.0,0.0,0.0,0.0,1.0,0.0,0.0,0.0,0.0,0.0,14,5
69,0.001547,0.001547,0.001547,0.001547,0.001547,0.001547,0.0,0.0,45.0,59.0,19.0,5.0,2,1,1,112,58,54,7468,58.0,54.0,0.0,0.0,0.0,0,0,0,0.0,0.0,0.0,646.412415,0.0,0.0,1024.0,0.0,,,1668789075.0,,0.0,0.0,0.0,Malicious,SYNScan,Nmap,0.0,0.0,0.0,1.0,0.0,0.0,0.0,0.0,0.0,0.0,0.0,0.0,0.0,0.0,0.0,0.0,0.0,0.0,0.0,0.0,1.0,0.0,0.0,0.0,0.0,0.0,0.0,0.0,0.0,0.0,1.0,0.0,0.0,0.0,1.0,0.0,0.0,0.0,0.0,0.0,0.0,0.0,0.0,1.0,0.0,0.0,0.0,0.0,0.0,14,5
70,0.0,0.0,0.0,0.0,0.0,0.0,0.0,,40.0,,24.0,,1,1,0,58,58,0,7676,58.0,0.0,0.0,0.0,0.0,0,0,0,0.0,0.0,0.0,0.0,0.0,0.0,0.0,,,,1668789075.0,,0.0,0.0,0.0,Malicious,SYNScan,Nmap,0.0,0.0,0.0,1.0,0.0,0.0,0.0,0.0,0.0,0.0,0.0,0.0,0.0,0.0,0.0,0.0,0.0,0.0,0.0,0.0,1.0,0.0,0.0,0.0,0.0,0.0,0.0,0.0,1.0,0.0,0.0,0.0,0.0,0.0,1.0,0.0,0.0,0.0,0.0,0.0,0.0,0.0,0.0,1.0,0.0,0.0,0.0,0.0,0.0,14,5
71,0.0,0.0,0.0,0.0,0.0,0.0,0.0,,43.0,,21.0,,1,1,0,58,58,0,7772,58.0,0.0,0.0,0.0,0.0,0,0,0,0.0,0.0,0.0,0.0,0.0,0.0,0.0,,,,1668789075.0,,0.0,0.0,0.0,Malicious,SYNScan,Nmap,0.0,0.0,0.0,1.0,0.0,0.0,0.0,0.0,0.0,0.0,0.0,0.0,0.0,0.0,0.0,0.0,0.0,0.0,0.0,0.0,1.0,0.0,0.0,0.0,0.0,0.0,0.0,0.0,1.0,0.0,0.0,0.0,0.0,0.0,1.0,0.0,0.0,0.0,0.0,0.0,0.0,0.0,0.0,1.0,0.0,0.0,0.0,0.0,0.0,15,5
72,0.0,0.0,0.0,0.0,0.0,0.0,0.0,,58.0,,6.0,,1,1,0,98,98,0,7868,98.0,0.0,0.0,0.0,0.0,0,0,0,0.0,,,0.0,0.0,0.0,,,,,,,0.0,0.0,0.0,Benign,Benign,Benign,0.0,0.0,0.0,1.0,0.0,0.0,0.0,0.0,0.0,0.0,0.0,0.0,0.0,0.0,0.0,1.0,0.0,0.0,0.0,0.0,0.0,0.0,0.0,0.0,1.0,0.0,0.0,0.0,0.0,0.0,0.0,0.0,0.0,0.0,1.0,0.0,0.0,0.0,0.0,0.0,0.0,0.0,0.0,1.0,0.0,0.0,0.0,0.0,0.0,15,5
73,0.0,0.0,0.0,0.0,0.0,0.0,0.0,,56.0,,8.0,,1,1,0,58,58,0,7972,58.0,0.0,0.0,0.0,0.0,0,0,0,0.0,0.0,0.0,0.0,0.0,0.0,0.0,,,,1668723538.0,,0.0,0.0,0.0,Malicious,SYNScan,Nmap,0.0,0.0,0.0,1.0,0.0,0.0,0.0,0.0,0.0,0.0,0.0,0.0,0.0,0.0,0.0,0.0,0.0,0.0,0.0,0.0,1.0,0.0,0.0,0.0,0.0,0.0,0.0,0.0,1.0,0.0,0.0,0.0,0.0,0.0,1.0,0.0,0.0,0.0,0.0,0.0,0.0,0.0,0.0,1.0,0.0,0.0,0.0,0.0,0.0,15,5
74,0.001249,0.001249,0.001249,0.001249,0.001249,0.001249,0.0,48.0,64.0,63.0,0.0,1.0,2,1,1,239,89,150,8068,89.0,150.0,0.0,0.0,0.0,0,0,0,0.0,,,800.640564,0.0,0.0,,,,,,,0.0,0.0,0.0,Benign,Benign,Benign,0.0,0.0,0.0,1.0,0.0,0.0,0.0,0.0,0.0,0.0,0.0,0.0,0.0,0.0,0.0,0.0,0.0,0.0,0.0,0.0,0.0,1.0,0.0,1.0,0.0,0.0,0.0,0.0,0.0,0.0,0.0,0.0,0.0,0.0,1.0,0.0,0.0,0.0,0.0,0.0,0.0,0.0,0.0,1.0,0.0,0.0,0.0,0.0,0.0,15,5
75,0.0,0.0,0.0,0.0,0.0,0.0,0.0,,43.0,,21.0,,1,1,0,58,58,0,8160,58.0,0.0,0.0,0.0,0.0,0,0,0,0.0,0.0,0.0,0.0,0.0,0.0,64.0,,,,1668723538.0,,0.0,0.0,0.0,Malicious,SYNScan,Nmap,0.0,0.0,0.0,1.0,0.0,0.0,0.0,0.0,0.0,0.0,0.0,0.0,0.0,0.0,0.0,0.0,0.0,0.0,0.0,0.0,1.0,0.0,0.0,0.0,0.0,0.0,0.0,0.0,1.0,0.0,0.0,0.0,0.0,0.0,1.0,0.0,0.0,0.0,0.0,0.0,0.0,0.0,0.0,1.0,0.0,0.0,0.0,0.0,0.0,15,5
76,0.0,0.0,0.0,0.0,0.0,0.0,0.0,,42.0,,22.0,,1,1,0,58,58,0,8256,58.0,0.0,0.0,0.0,0.0,0,0,0,0.0,0.0,0.0,0.0,0.0,0.0,16384.0,,,,1668723538.0,,0.0,0.0,0.0,Malicious,SYNScan,Nmap,0.0,0.0,0.0,1.0,0.0,0.0,0.0,0.0,0.0,0.0,0.0,0.0,0.0,0.0,0.0,0.0,0.0,0.0,0.0,0.0,1.0,0.0,0.0,0.0,0.0,0.0,0.0,0.0,1.0,0.0,0.0,0.0,0.0,0.0,1.0,0.0,0.0,0.0,0.0,0.0,0.0,0.0,0.0,1.0,0.0,0.0,0.0,0.0,0.0,16,5
77,0.0,0.0,0.0,0.0,0.0,0.0,0.0,,56.0,,8.0,,1,1,0,58,58,0,8352,58.0,0.0,0.0,0.0,0.0,0,0,0,0.0,0.0,0.0,0.0,0.0,0.0,64.0,,,,1668723538.0,,0.0,0.0,0.0,Malicious,SYNScan,Nmap,0.0,0.0,0.0,1.0,0.0,0.0,0.0,0.0,0.0,0.0,0.0,0.0,0.0,0.0,0.0,0.0,0.0,0.0,0.0,0.0,1.0,0.0,0.0,0.0,0.0,0.0,0.0,0.0,1.0,0.0,0.0,0.0,0.0,0.0,1.0,0.0,0.0,0.0,0.0,0.0,0.0,0.0,0.0,1.0,0.0,0.0,0.0,0.0,0.0,16,5
78,0.0,0.0,0.0,0.0,0.0,0.0,0.0,,48.0,,16.0,,1,1,0,58,58,0,8448,58.0,0.0,0.0,0.0,0.0,0,0,0,0.0,0.0,0.0,0.0,0.0,0.0,16384.0,,,,1668723538.0,,0.0,0.0,0.0,Malicious,SYNScan,Nmap,0.0,0.0,0.0,1.0,0.0,0.0,0.0,0.0,0.0,0.0,0.0,0.0,0.0,0.0,0.0,0.0,0.0,0.0,0.0,0.0,1.0,0.0,0.0,0.0,0.0,0.0,0.0,0.0,1.0,0.0,0.0,0.0,0.0,0.0,1.0,0.0,0.0,0.0,0.0,0.0,0.0,0.0,0.0,1.0,0.0,0.0,0.0,0.0,0.0,16,5
79,0.0,0.0,0.0,0.0,0.0,0.0,0.0,,51.0,,13.0,,1,1,0,58,58,0,8544,58.0,0.0,0.0,0.0,0.0,0,0,0,0.0,0.0,0.0,0.0,0.0,0.0,64.0,,,,1668723538.0,,0.0,0.0,0.0,Malicious,SYNScan,Nmap,0.0,0.0,0.0,1.0,0.0,0.0,0.0,0.0,0.0,0.0,0.0,0.0,0.0,0.0,0.0,0.0,0.0,0.0,0.0,0.0,1.0,0.0,0.0,0.0,0.0,0.0,0.0,0.0,1.0,0.0,0.0,0.0,0.0,0.0,1.0,0.0,0.0,0.0,0.0,0.0,0.0,0.0,0.0,1.0,0.0,0.0,0.0,0.0,0.0,16,5
80,0.0,0.0,0.0,0.0,0.0,0.0,0.0,,38.0,,26.0,,1,1,0,58,58,0,8640,58.0,0.0,0.0,0.0,0.0,0,0,0,0.0,0.0,0.0,0.0,0.0,0.0,16384.0,,,,1668723538.0,,0.0,0.0,0.0,Malicious,SYNScan,Nmap,0.0,0.0,0.0,1.0,0.0,0.0,0.0,0.0,0.0,0.0,0.0,0.0,0.0,0.0,0.0,0.0,0.0,0.0,0.0,0.0,1.0,0.0,0.0,0.0,0.0,0.0,0.0,0.0,1.0,0.0,0.0,0.0,0.0,0.0,1.0,0.0,0.0,0.0,0.0,0.0,0.0,0.0,0.0,1.0,0.0,0.0,0.0,0.0,0.0,16,5
81,0.0,0.0,0.0,0.0,0.0,0.0,0.0,,54.0,,10.0,,1,1,0,58,58,0,8736,58.0,0.0,0.0,0.0,0.0,0,0,0,0.0,0.0,0.0,0.0,0.0,0.0,64.0,,,,1668723538.0,,0.0,0.0,0.0,Malicious,SYNScan,Nmap,0.0,0.0,0.0,1.0,0.0,0.0,0.0,0.0,0.0,0.0,0.0,0.0,0.0,0.0,0.0,0.0,0.0,0.0,0.0,0.0,1.0,0.0,0.0,0.0,0.0,0.0,0.0,0.0,1.0,0.0,0.0,0.0,0.0,0.0,1.0,0.0,0.0,0.0,0.0,0.0,0.0,0.0,0.0,1.0,0.0,0.0,0.0,0.0,0.0,17,5
82,0.0,0.0,0.0,0.0,0.0,0.0,0.0,,44.0,,20.0,,1,1,0,58,58,0,8832,58.0,0.0,0.0,0.0,0.0,0,0,0,0.0,0.0,0.0,0.0,0.0,0.0,16384.0,,,,1668723538.0,,0.0,0.0,0.0,Malicious,SYNScan,Nmap,0.0,0.0,0.0,1.0,0.0,0.0,0.0,0.0,0.0,0.0,0.0,0.0,0.0,0.0,0.0,0.0,0.0,0.0,0.0,0.0,1.0,0.0,0.0,0.0,0.0,0.0,0.0,0.0,1.0,0.0,0.0,0.0,0.0,0.0,1.0,0.0,0.0,0.0,0.0,0.0,0.0,0.0,0.0,1.0,0.0,0.0,0.0,0.0,0.0,17,5
83,0.0,0.0,0.0,0.0,0.0,0.0,0.0,,48.0,,16.0,,1,1,0,58,58,0,8928,58.0,0.0,0.0,0.0,0.0,0,0,0,0.0,0.0,0.0,0.0,0.0,0.0,64.0,,,,1668723538.0,,0.0,0.0,0.0,Malicious,SYNScan,Nmap,0.0,0.0,0.0,1.0,0.0,0.0,0.0,0.0,0.0,0.0,0.0,0.0,0.0,0.0,0.0,0.0,0.0,0.0,0.0,0.0,1.0,0.0,0.0,0.0,0.0,0.0,0.0,0.0,1.0,0.0,0.0,0.0,0.0,0.0,1.0,0.0,0.0,0.0,0.0,0.0,0.0,0.0,0.0,1.0,0.0,0.0,0.0,0.0,0.0,17,5
84,0.0,0.0,0.0,0.0,0.0,0.0,0.0,,40.0,,24.0,,1,1,0,58,58,0,9024,58.0,0.0,0.0,0.0,0.0,0,0,0,0.0,0.0,0.0,0.0,0.0,0.0,16384.0,,,,1668723538.0,,0.0,0.0,0.0,Malicious,SYNScan,Nmap,0.0,0.0,0.0,1.0,0.0,0.0,0.0,0.0,0.0,0.0,0.0,0.0,0.0,0.0,0.0,0.0,0.0,0.0,0.0,0.0,1.0,0.0,0.0,0.0,0.0,0.0,0.0,0.0,1.0,0.0,0.0,0.0,0.0,0.0,1.0,0.0,0.0,0.0,0.0,0.0,0.0,0.0,0.0,1.0,0.0,0.0,0.0,0.0,0.0,17,5
85,0.0,0.0,0.0,0.0,0.0,0.0,0.0,,36.0,,28.0,,1,1,0,58,58,0,9120,58.0,0.0,0.0,0.0,0.0,0,0,0,0.0,0.0,0.0,0.0,0.0,0.0,64.0,,,,1668723538.0,,0.0,0.0,0.0,Malicious,SYNScan,Nmap,0.0,0.0,0.0,1.0,0.0,0.0,0.0,0.0,0.0,0.0,0.0,0.0,0.0,0.0,0.0,0.0,0.0,0.0,0.0,0.0,1.0,0.0,0.0,0.0,0.0,0.0,0.0,0.0,1.0,0.0,0.0,0.0,0.0,0.0,1.0,0.0,0.0,0.0,0.0,0.0,0.0,0.0,0.0,1.0,0.0,0.0,0.0,0.0,0.0,17,5
86,0.0,0.0,0.0,0.0,0.0,0.0,0.0,,56.0,,8.0,,1,1,0,58,58,0,9216,58.0,0.0,0.0,0.0,0.0,0,0,0,0.0,0.0,0.0,0.0,0.0,0.0,16384.0,,,,1668723538.0,,0.0,0.0,0.0,Malicious,SYNScan,Nmap,0.0,0.0,0.0,1.0,0.0,0.0,0.0,0.0,0.0,0.0,0.0,0.0,0.0,0.0,0.0,0.0,0.0,0.0,0.0,0.0,1.0,0.0,0.0,0.0,0.0,0.0,0.0,0.0,1.0,0.0,0.0,0.0,0.0,0.0,1.0,0.0,0.0,0.0,0.0,0.0,0.0,0.0,0.0,1.0,0.0,0.0,0.0,0.0,0.0,18,5
87,0.001243,0.001243,0.001243,0.001243,0.001243,0.001243,0.0,48.0,64.0,63.0,0.0,1.0,2,1,1,239,89,150,9312,89.0,150.0,0.0,0.0,0.0,0,0,0,0.0,,,804.505188,0.0,0.0,,,,,,,0.0,0.0,0.0,Benign,Benign,Benign,0.0,0.0,0.0,1.0,0.0,0.0,0.0,0.0,0.0,0.0,0.0,0.0,0.0,0.0,0.0,0.0,0.0,0.0,0.0,0.0,0.0,1.0,0.0,1.0,0.0,0.0,0.0,0.0,0.0,0.0,0.0,0.0,0.0,0.0,1.0,0.0,0.0,0.0,0.0,0.0,0.0,0.0,0.0,1.0,0.0,0.0,0.0,0.0,0.0,18,5
88,0.0,0.0,0.0,0.0,0.0,0.0,0.0,,57.0,,7.0,,1,1,0,58,58,0,9404,58.0,0.0,0.0,0.0,0.0,0,0,0,0.0,0.0,0.0,0.0,0.0,0.0,64.0,,,,1668789075.0,,0.0,0.0,0.0,Malicious,SYNScan,Nmap,0.0,0.0,0.0,1.0,0.0,0.0,0.0,0.0,0.0,0.0,0.0,0.0,0.0,0.0,0.0,0.0,0.0,0.0,0.0,0.0,1.0,0.0,0.0,0.0,0.0,0.0,0.0,0.0,1.0,0.0,0.0,0.0,0.0,0.0,1.0,0.0,0.0,0.0,0.0,0.0,0.0,0.0,0.0,1.0,0.0,0.0,0.0,0.0,0.0,18,5
89,0.0,0.0,0.0,0.0,0.0,0.0,0.0,,47.0,,17.0,,1,1,0,58,58,0,9500,58.0,0.0,0.0,0.0,0.0,0,0,0,0.0,0.0,0.0,0.0,0.0,0.0,16384.0,,,,1668789075.0,,0.0,0.0,0.0,Malicious,SYNScan,Nmap,0.0,0.0,0.0,1.0,0.0,0.0,0.0,0.0,0.0,0.0,0.0,0.0,0.0,0.0,0.0,0.0,0.0,0.0,0.0,0.0,1.0,0.0,0.0,0.0,0.0,0.0,0.0,0.0,1.0,0.0,0.0,0.0,0.0,0.0,1.0,0.0,0.0,0.0,0.0,0.0,0.0,0.0,0.0,1.0,0.0,0.0,0.0,0.0,0.0,18,5
90,0.0,0.0,0.0,0.0,0.0,0.0,0.0,,43.0,,21.0,,1,1,0,58,58,0,9596,58.0,0.0,0.0,0.0,0.0,0,0,0,0.0,0.0,0.0,0.0,0.0,0.0,64.0,,,,1668789075.0,,0.0,0.0,0.0,Malicious,SYNScan,Nmap,0.0,0.0,0.0,1.0,0.0,0.0,0.0,0.0,0.0,0.0,0.0,0.0,0.0,0.0,0.0,0.0,0.0,0.0,0.0,0.0,1.0,0.0,0.0,0.0,0.0,0.0,0.0,0.0,1.0,0.0,0.0,0.0,0.0,0.0,1.0,0.0,0.0,0.0,0.0,0.0,0.0,0.0,0.0,1.0,0.0,0.0,0.0,0.0,0.0,18,5
91,0.0,0.0,0.0,0.0,0.0,0.0,0.0,,40.0,,24.0,,1,1,0,58,58,0,9692,58.0,0.0,0.0,0.0,0.0,0,0,0,0.0,0.0,0.0,0.0,0.0,0.0,16384.0,,,,1668789075.0,,0.0,0.0,0.0,Malicious,SYNScan,Nmap,0.0,0.0,0.0,1.0,0.0,0.0,0.0,0.0,0.0,0.0,0.0,0.0,0.0,0.0,0.0,0.0,0.0,0.0,0.0,0.0,1.0,0.0,0.0,0.0,0.0,0.0,0.0,0.0,1.0,0.0,0.0,0.0,0.0,0.0,1.0,0.0,0.0,0.0,0.0,0.0,0.0,0.0,0.0,1.0,0.0,0.0,0.0,0.0,0.0,19,5
92,0.0,0.0,0.0,0.0,0.0,0.0,0.0,,55.0,,9.0,,1,1,0,58,58,0,9788,58.0,0.0,0.0,0.0,0.0,0,0,0,0.0,0.0,0.0,0.0,0.0,0.0,64.0,,,,1668789075.0,,0.0,0.0,0.0,Malicious,SYNScan,Nmap,0.0,0.0,0.0,1.0,0.0,0.0,0.0,0.0,0.0,0.0,0.0,0.0,0.0,0.0,0.0,0.0,0.0,0.0,0.0,0.0,1.0,0.0,0.0,0.0,0.0,0.0,0.0,0.0,1.0,0.0,0.0,0.0,0.0,0.0,1.0,0.0,0.0,0.0,0.0,0.0,0.0,0.0,0.0,1.0,0.0,0.0,0.0,0.0,0.0,19,5
93,0.0,0.0,0.0,0.0,0.0,0.0,0.0,,43.0,,21.0,,1,1,0,58,58,0,9884,58.0,0.0,0.0,0.0,0.0,0,0,0,0.0,0.0,0.0,0.0,0.0,0.0,16384.0,,,,1668789075.0,,0.0,0.0,0.0,Malicious,SYNScan,Nmap,0.0,0.0,0.0,1.0,0.0,0.0,0.0,0.0,0.0,0.0,0.0,0.0,0.0,0.0,0.0,0.0,0.0,0.0,0.0,0.0,1.0,0.0,0.0,0.0,0.0,0.0,0.0,0.0,1.0,0.0,0.0,0.0,0.0,0.0,1.0,0.0,0.0,0.0,0.0,0.0,0.0,0.0,0.0,1.0,0.0,0.0,0.0,0.0,0.0,19,5
94,0.0,0.0,0.0,0.0,0.0,0.0,0.0,,50.0,,14.0,,1,1,0,58,58,0,9980,58.0,0.0,0.0,0.0,0.0,0,0,0,0.0,0.0,0.0,0.0,0.0,0.0,64.0,,,,1668789075.0,,0.0,0.0,0.0,Malicious,SYNScan,Nmap,0.0,0.0,0.0,1.0,0.0,0.0,0.0,0.0,0.0,0.0,0.0,0.0,0.0,0.0,0.0,0.0,0.0,0.0,0.0,0.0,1.0,0.0,0.0,0.0,0.0,0.0,0.0,0.0,1.0,0.0,0.0,0.0,0.0,0.0,1.0,0.0,0.0,0.0,0.0,0.0,0.0,0.0,0.0,1.0,0.0,0.0,0.0,0.0,0.0,19,5
95,0.0,0.0,0.0,0.0,0.0,0.0,0.0,,36.0,,28.0,,1,1,0,58,58,0,10076,58.0,0.0,0.0,0.0,0.0,0,0,0,0.0,0.0,0.0,0.0,0.0,0.0,16384.0,,,,1668789075.0,,0.0,0.0,0.0,Malicious,SYNScan,Nmap,0.0,0.0,0.0,1.0,0.0,0.0,0.0,0.0,0.0,0.0,0.0,0.0,0.0,0.0,0.0,0.0,0.0,0.0,0.0,0.0,1.0,0.0,0.0,0.0,0.0,0.0,0.0,0.0,1.0,0.0,0.0,0.0,0.0,0.0,1.0,0.0,0.0,0.0,0.0,0.0,0.0,0.0,0.0,1.0,0.0,0.0,0.0,0.0,0.0,19,5
96,0.0,0.0,0.0,0.0,0.0,0.0,0.0,,52.0,,12.0,,1,1,0,58,58,0,10172,58.0,0.0,0.0,0.0,0.0,0,0,0,0.0,0.0,0.0,0.0,0.0,0.0,64.0,,,,1668789075.0,,0.0,0.0,0.0,Malicious,SYNScan,Nmap,0.0,0.0,0.0,1.0,0.0,0.0,0.0,0.0,0.0,0.0,0.0,0.0,0.0,0.0,0.0,0.0,0.0,0.0,0.0,0.0,1.0,0.0,0.0,0.0,0.0,0.0,0.0,0.0,1.0,0.0,0.0,0.0,0.0,0.0,1.0,0.0,0.0,0.0,0.0,0.0,0.0,0.0,0.0,1.0,0.0,0.0,0.0,0.0,0.0,20,5
97,0.0,0.0,0.0,0.0,0.0,0.0,0.0,,47.0,,17.0,,1,1,0,58,58,0,10268,58.0,0.0,0.0,0.0,0.0,0,0,0,0.0,0.0,0.0,0.0,0.0,0.0,16384.0,,,,1668789075.0,,0.0,0.0,0.0,Malicious,SYNScan,Nmap,0.0,0.0,0.0,1.0,0.0,0.0,0.0,0.0,0.0,0.0,0.0,0.0,0.0,0.0,0.0,0.0,0.0,0.0,0.0,0.0,1.0,0.0,0.0,0.0,0.0,0.0,0.0,0.0,1.0,0.0,0.0,0.0,0.0,0.0,1.0,0.0,0.0,0.0,0.0,0.0,0.0,0.0,0.0,1.0,0.0,0.0,0.0,0.0,0.0,20,5
98,0.0,0.0,0.0,0.0,0.0,0.0,0.0,,41.0,,23.0,,1,1,0,58,58,0,10364,58.0,0.0,0.0,0.0,0.0,0,0,0,0.0,0.0,0.0,0.0,0.0,0.0,64.0,,,,1668789075.0,,0.0,0.0,0.0,Malicious,SYNScan,Nmap,0.0,0.0,0.0,1.0,0.0,0.0,0.0,0.0,0.0,0.0,0.0,0.0,0.0,0.0,0.0,0.0,0.0,0.0,0.0,0.0,1.0,0.0,0.0,0.0,0.0,0.0,0.0,0.0,1.0,0.0,0.0,0.0,0.0,0.0,1.0,0.0,0.0,0.0,0.0,0.0,0.0,0.0,0.0,1.0,0.0,0.0,0.0,0.0,0.0,20,5
99,0.0,0.0,0.0,0.0,0.0,0.0,0.0,,45.0,,19.0,,1,1,0,58,58,0,10460,58.0,0.0,0.0,0.0,0.0,0,0,0,0.0,0.0,0.0,0.0,0.0,0.0,16384.0,,,,1668789075.0,,0.0,0.0,0.0,Malicious,SYNScan,Nmap,0.0,0.0,0.0,1.0,0.0,0.0,0.0,0.0,0.0,0.0,0.0,0.0,0.0,0.0,0.0,0.0,0.0,0.0,0.0,0.0,1.0,0.0,0.0,0.0,0.0,0.0,0.0,0.0,1.0,0.0,0.0,0.0,0.0,0.0,1.0,0.0,0.0,0.0,0.0,0.0,0.0,0.0,0.0,1.0,0.0,0.0,0.0,0.0,0.0,20,5
100,0.0,0.0,0.0,0.0,0.0,0.0,0.0,,40.0,,24.0,,1,1,0,58,58,0,10556,58.0,0.0,0.0,0.0,0.0,0,0,0,0.0,0.0,0.0,0.0,0.0,0.0,64.0,,,,1668789075.0,,0.0,0.0,0.0,Malicious,SYNScan,Nmap,0.0,0.0,0.0,1.0,0.0,0.0,0.0,0.0,0.0,0.0,0.0,0.0,0.0,0.0,0.0,0.0,0.0,0.0,0.0,0.0,1.0,0.0,0.0,0.0,0.0,0.0,0.0,0.0,1.0,0.0,0.0,0.0,0.0,0.0,1.0,0.0,0.0,0.0,0.0,0.0,0.0,0.0,0.0,1.0,0.0,0.0,0.0,0.0,0.0,20,5
